reddit.com,1
google.com,0
cnn.com,0
nytimes.com,0
theguardian.com,0
yahoo.com,0
weather.com,0
indiatimes.com,0
shutterstock.com,0
foxnews.com,0
washingtonpost.com,0
forbes.com,0
accuweather.com,0
huffingtonpost.com,0
usatoday.com,0
cnbc.com,0
bloomberg.com,0
wunderground.com,0
wsj.com,0
reuters.com,0
nbcnews.com,0
drudgereport.com,0
news.com.au,0
thehill.com,84
usnews.com,0
chron.com,0
weather.gov,0
nypost.com,8
indianexpress.com,1
cbsnews.com,0
chinadaily.com.cn,0
time.com,3
dw.com,0
abcnews.go.com,17
sfgate.com,0
thehindu.com,0
thedailybeast.com,0
newsweek.com,0
hollywoodreporter.com,0
latimes.com,0
nationalgeographic.com,0
yr.no,0
theatlantic.com,0
variety.com,1
hindustantimes.com,0
euronews.com,0
smh.com.au,0
newsnow.co.uk,0
